,
CSS Selectors,
CSS Combinators,
CSS Specificity,
CSS Links,
CSS Display,
CSS Position,
CSS Zindex,
CSS Pseudo class,
Comments,
Colors,
Backgrounds,
Borders,
Margins,
Padding,
Height/Width,
Box Model,
Outline,
Text,
Fonts,
Icons,
Links,
Lists,
Tables,
Display,
Max-width,
Position,
Z-index,
Overflow,
Float,
Inline-block,
Align,
Combinators,
Pseudo-class,
Pseudo-element,
Opacity,
Navigation Bar,
Dropdowns,
Image Gallery,
Image Sprites,
Attr Selectors,
Forms,
Counters,
Website Layout,
Units,
Specificity,
!important,
Math Functions,
,
Advanced,
Rounded Corners,
Border Images,
Backgrounds,
Colors,
Color Keywords,
Gradients,
Shadows,
Text Effects,
Web Fonts,
2D Transforms,
3D Transforms,
Transitions,
Animations,
Tooltips,
Style Images,
Image Reflection,
object-fit,
object-position,
Masking,
Buttons,
Pagination,
Multiple Columns,
User Interface,
Variables,
Box Sizing,
Media Queries,
MQ Examples,
Flexbox,
,
Responsive,
Intro,
Viewport,
Grid View,
Media Queries,
Images,
Videos,
Frameworks[Bootstrap intro],
Templates,
,
Grid,
 Intro,
 Container,
 Item,
